{
	"BundleName" : null,
	"Hats" : [
		{
			"Main" : {
				"Hash" : "d8b0d1e86a336476a0b47186ce643e88",
				"Address" : "eX5Yq4Hkb_Main.png",
				"ExIsFront" : False
			},
			"Climb" : {
				"Hash" : "d8b0d1e86a336476a0b47186ce643e88",
				"Address" : "eX5Yq4Hkb_Climb.png",
				"ExIsFront" : False
			},
			"Bounce" : False,
			"Adaptive" : True,
			"HideHands" : False,
			"IsSkinny" : False,
			"SeekerCostume" : True,
			"FPS" : 1,
			"Name" : "ねむい\.\.\.",
			"Author" : "タバスコ",
			"Package" : "Tabasco Cosmetics"
		},
		{
			"Main" : {
				"Hash" : "6d9db1568b63416e0a8c3943a219cd61",
				"Address" : "Wwf_Main.png",
				"ExIsFront" : False
			},
			"Bounce" : False,
			"Adaptive" : True,
			"HideHands" : False,
			"IsSkinny" : False,
			"SeekerCostume" : True,
			"FPS" : 1,
			"Name" : "傘",
			"Author" : "タバスコ",
			"Package" : "Tabasco Cosmetics"
		},
		{
			"Main" : {
				"Hash" : "83f67a304d6db3a6448bb15c519c87a0",
				"Address" : "MrlIFYykb_Main.png",
				"ExIsFront" : False
			},
			"Bounce" : False,
			"Adaptive" : True,
			"HideHands" : False,
			"IsSkinny" : False,
			"SeekerCostume" : True,
			"FPS" : 1,
			"Name" : "気をつけて",
			"Author" : "タバスコ",
			"Package" : "Tabasco Cosmetics"
		},
		{
			"Main" : {
				"Hash" : "de869d7bd67bc3190f117395b5059f74",
				"Address" : "VDtTNRxJb_Main.png",
				"ExIsFront" : False
			},
			"Bounce" : False,
			"Adaptive" : False,
			"HideHands" : False,
			"IsSkinny" : False,
			"SeekerCostume" : True,
			"FPS" : 1,
			"Name" : "殺しちゃだめ！",
			"Author" : "タバスコ",
			"Package" : "None"
		},
		{
			"Main" : {
				"Hash" : "d2ae670c0a308d3da6fc9d835859dcd6",
				"Address" : "VTty_Main.png",
				"ExIsFront" : False
			},
			"Bounce" : False,
			"Adaptive" : True,
			"HideHands" : False,
			"IsSkinny" : False,
			"SeekerCostume" : True,
			"FPS" : 1,
			"Name" : "僕は禁止されてる\.\.\.",
			"Author" : "タバスコ",
			"Package" : "None"
		},
		{
			"Main" : {
				"Hash" : "28f585c43497d201917bab6a601f3195",
				"Address" : "dlxDMZW_Main.png",
				"ExIsFront" : False
			},
			"Bounce" : False,
			"Adaptive" : False,
			"HideHands" : False,
			"IsSkinny" : False,
			"SeekerCostume" : True,
			"FPS" : 1,
			"Name" : "横断歩道",
			"Author" : "タバスコ",
			"Package" : "None"
		}
	],
	"Visors" : [
		{
			"Main" : {
				"Hash" : "fb8ab111bad13e61dbbedb3a572c764d",
				"Address" : "Q23LlzIjc_Main.png",
				"ExIsFront" : False
			},
			"Adaptive" : False,
			"BehindHat" : False,
			"BackmostBack" : False,
			"Fixed" : False,
			"FPS" : 1,
			"Name" : "カーソルを合わせる",
			"Author" : "タバスコ",
			"Package" : "Tabasco Cosmetics"
		},
		{
			"Main" : {
				"Hash" : "b44cd8959564ccdba7574068252ef204",
				"Address" : "yyFp70JF_Main.png",
				"ExIsFront" : False
			},
			"Climb" : {
				"Hash" : "daf47017a354481f1b725d86ea52dc26",
				"Address" : "yyFp70JF_Climb.png",
				"ExIsFront" : False
			},
			"Adaptive" : False,
			"BehindHat" : False,
			"BackmostBack" : False,
			"Fixed" : False,
			"FPS" : 1,
			"Name" : "マウスで選択",
			"Author" : "タバスコ",
			"Package" : "Tabasco Cosmetics"
		}
	],
	"Nameplates" : [
		{
			"Plate" : {
				"Hash" : "b7565d78d11745a64b14c27ee1515e7e",
				"Address" : "3ZtqmjxMb_Plate.png",
				"ExIsFront" : False
			},
			"AdaptiveInFront" : True,
			"Name" : "現行犯です",
			"Author" : "タバスコ",
			"Package" : "Tabasco Cosmetics"
		},
		{
			"Plate" : {
				"Hash" : "7c807a17a48ba3617ae899f6cff22973",
				"Address" : "TbvrpS1hc_Plate.png",
				"ExIsFront" : False
			},
			"AdaptiveInFront" : True,
			"Name" : "吊ってもいいよ",
			"Author" : "タバスコ",
			"Package" : "Tabasco Cosmetics"
		},
		{
			"Plate" : {
				"Hash" : "d65e0d090d2568c9677a906dbecbc387",
				"Address" : "ubONi9Z_Plate.png",
				"ExIsFront" : False
			},
			"AdaptiveInFront" : True,
			"Name" : "焦ってる\?",
			"Author" : "タバスコ",
			"Package" : "Tabasco Cosmetics"
		},
		{
			"Plate" : {
				"Hash" : "dd27afbb08ae10d320461b6ef6cb44f1",
				"Address" : "0LWU1405b_Plate.png",
				"ExIsFront" : False
			},
			"AdaptiveInFront" : True,
			"Name" : "レイダーキル",
			"Author" : "タバスコ",
			"Package" : "Tabasco Cosmetics"
		},
		{
			"Adaptive" : {
				"Hash" : "85df8024893803fa8f9352f9ee761b4d",
				"Address" : "hA5AkBHK_Adaptive.png",
				"ExIsFront" : False
			},
			"AdaptiveInFront" : True,
			"Name" : "Player_Color_Nameplate",
			"Author" : "タバスコ",
			"Package" : "Tabasco Cosmetics"
		},
		{
			"Plate" : {
				"Hash" : "891a1f365155c16c8543db48f5150364",
				"Address" : "oEpec_Plate.png",
				"ExIsFront" : False
			},
			"AdaptiveInFront" : True,
			"Name" : "？！",
			"Author" : "タバスコ",
			"Package" : "Tabasco Cosmetics"
		}
	],
	"Packages" : [
		{
			"Package" : "Tabasco Cosmetics",
			"Format" : "Tabasco Cosmetics",
			"Priority" : 1
		}
	]
}